"DESCRIPTION","DURATION IN MS","NAME","PARENT SUITE","START TIME","STATUS","STOP TIME","SUB SUITE","SUITE","TEST CLASS","TEST METHOD"
"测试登录接口","522","test_login[admin-123-Password must be valid (Between 8 - 32 characters)]","test_cases","Fri Feb 07 01:13:35 CST 2025","failed","Fri Feb 07 01:13:36 CST 2025","TestLogin","test_login","",""
"测试登录接口","543","test_login[111-111-Password must be valid (Between 8 - 32 characters)]","test_cases","Fri Feb 07 01:13:36 CST 2025","failed","Fri Feb 07 01:13:36 CST 2025","TestLogin","test_login","",""
"测试登录接口","518","test_login[  -d5eFYHi!PNf7Bk~-Please limit the userName length to 3-64 characters]","test_cases","Fri Feb 07 01:13:34 CST 2025","failed","Fri Feb 07 01:13:35 CST 2025","TestLogin","test_login","",""
"测试登录接口","520","test_login[admin-1234-Password must be valid (Between 8 - 32 characters)]","test_cases","Fri Feb 07 01:13:36 CST 2025","failed","Fri Feb 07 01:13:37 CST 2025","TestLogin","test_login","",""
"测试登录接口","844","test_login[admin-53APng01zzkCGGjWSiLQTrcJoF77HCalS-Password must be valid (Between 8 - 32 characters)]","test_cases","Fri Feb 07 01:13:37 CST 2025","failed","Fri Feb 07 01:13:37 CST 2025","TestLogin","test_login","",""
"测试登录接口","1153","test_login[    -d5eFYHi!PNf4Bk~-Name is required]","test_cases","Fri Feb 07 01:13:32 CST 2025","failed","Fri Feb 07 01:13:33 CST 2025","TestLogin","test_login","",""
"测试登录接口","526","test_login[3nU17FmDUJbOnBnZDTLcSsNThY7z43J4TE8JYbUgqyG97QkmVoWoCwqlKgDgFq3pD-d5eFYHi!PNf6Bk~-Please limit the userName length to 3-64 characters]","test_cases","Fri Feb 07 01:13:34 CST 2025","failed","Fri Feb 07 01:13:34 CST 2025","TestLogin","test_login","",""
"测试登录接口","1355","test_login[admin-d5eFYHi!PNf3Bk~-\u767b\u5f55\u6210\u529f]","test_cases","Fri Feb 07 01:13:30 CST 2025","failed","Fri Feb 07 01:13:32 CST 2025","TestLogin","test_login","",""
"测试登录接口","923","test_login[11-d5eFYHi!PNf5Bk~-Please limit the userName length to 3-64 characters]","test_cases","Fri Feb 07 01:13:33 CST 2025","failed","Fri Feb 07 01:13:34 CST 2025","TestLogin","test_login","",""
